{"trip_id":"0012cf835ee80e59fefbe618282b2edc082940ddba6a4658e2626801026e2399","time_gap":[0.0,9.972,14.977999,19.974999,24.972,29.967999,34.963999,39.987999,44.979,49.986,54.983,60.0,64.985,69.985,74.974999,79.986999,84.979,89.973,94.99,99.96,107.973,117.987999,122.985,127.983,132.973999,138.009999,142.986,147.993999,152.979,157.980999,162.98,167.989,172.967999,177.969,182.972,187.977999,192.990999,197.972,202.976999,207.979,212.979,222.977999,227.973,232.967,237.997999,242.98,247.979,252.973,257.976999,262.976,267.969,272.973999,277.976999,282.98,287.977999,292.973,297.977999,302.967,307.967,307.967,316.962,321.969,326.970999,331.969,341.977999,341.977999,353.973,363.963999,373.973,383.963999,398.962,408.947999,418.963999,428.967,438.947,448.964999,458.967,468.979,478.960999,488.963,498.970999,508.983999,518.976999,528.970999,538.993,558.98,578.97,593.977999,603.977999,613.985,623.979,633.973,643.98,653.977999,663.98,673.976999,688.976,698.983,708.979,718.996,728.997999,739.0,758.990999,763.973999,768.983,768.983,777.986,783.009,787.996999,793.042,797.996999,802.986999,807.997999,813.006,818.010999,827.993999,832.996,837.997999,843.006999,848.0,853.023,857.999,863.012,868.016999,873.016,893.048,898.010999,903.059999,908.003999,913.000999,918.003999,923.023999,928.016,937.996999,943.016999,948.006,953.056999,958.008,963.003,968.016,973.000999,978.010999,983.049,988.003999,993.008,998.0,1002.996,1008.000999,1013.015,1018.008,1023.003,1027.993999,1033.010999,1038.016999,1048.042999,1053.068,1058.069,1063.054,1068.005,1073.006999,1078.009999,1083.049,1087.997999,1093.009999,1098.006999,1103.016,1113.055,1118.015,1123.013999,1133.009,1163.055999,1168.003,1172.993999,1178.015,1183.006,1188.0,1193.006999,1198.003,1208.003,1212.997999,1218.003,1223.003999,1228.006,1232.996999,1238.009,1243.003,1248.012,1253.006,1258.006,1263.006999,1268.008,1273.005,1278.013,1283.008,1288.003999,1293.013,1298.006,1303.006,1308.009,1313.015,1313.015,1322.108,1330.002,1334.999,1339.996,1355.009999,1360.000999,1365.006999,1370.012,1375.0,1380.032999,1385.003,1390.016999,1395.010999,1400.003,1404.990999,1409.996,1415.012,1419.993999,1425.003999,1435.010999,1440.003,1444.996999,1450.006999,1455.010999,1470.002,1474.993,1480.019,1494.990999,1500.009999,1504.989,1512.332,1521.163,1526.164999,1531.187999,1536.2,1541.240999,1556.258,1561.293999,1566.306999,1571.328999,1576.394,1581.758,1586.398,1591.41,1596.423,1601.467,1611.479,1616.720999],"dist":8.411881649504956,"lats":[31.955,31.955,31.955,31.955,31.955,31.955,31.955,31.955,31.955,31.955,31.955,31.955,31.955,31.955,31.955,31.955,31.955,31.955,31.955,31.955,31.955,31.955,31.955,31.955,31.955,31.955,31.954,31.954,31.954,31.954,31.954,31.954,31.953,31.953,31.953,31.953,31.953,31.953,31.953,31.953,31.952,31.951,31.951,31.951,31.95,31.95,31.949,31.949,31.949,31.948,31.948,31.948,31.948,31.948,31.948,31.948,31.948,31.948,31.948,31.948,31.948,31.948,31.948,31.948,31.948,31.948,31.948,31.948,31.948,31.948,31.948,31.948,31.948,31.948,31.948,31.948,31.948,31.948,31.948,31.948,31.948,31.948,31.948,31.948,31.948,31.948,31.948,31.948,31.948,31.948,31.948,31.948,31.948,31.948,31.948,31.948,31.948,31.948,31.948,31.948,31.948,31.948,31.948,31.948,31.948,31.948,31.948,31.948,31.948,31.948,31.948,31.948,31.948,31.948,31.948,31.948,31.948,31.948,31.948,31.948,31.948,31.948,31.948,31.948,31.948,31.948,31.947,31.947,31.946,31.945,31.945,31.944,31.943,31.942,31.942,31.941,31.94,31.94,31.939,31.938,31.938,31.937,31.936,31.935,31.935,31.934,31.933,31.932,31.932,31.931,31.93,31.93,31.929,31.928,31.926,31.926,31.925,31.924,31.923,31.922,31.921,31.921,31.92,31.919,31.918,31.917,31.916,31.915,31.914,31.913,31.909,31.909,31.909,31.908,31.908,31.908,31.907,31.907,31.906,31.906,31.906,31.905,31.905,31.905,31.905,31.904,31.904,31.904,31.903,31.904,31.904,31.903,31.903,31.903,31.903,31.903,31.903,31.903,31.903,31.903,31.903,31.903,31.903,31.903,31.903,31.903,31.903,31.903,31.903,31.903,31.903,31.903,31.903,31.903,31.903,31.903,31.903,31.903,31.903,31.903,31.903,31.903,31.903,31.903,31.903,31.903,31.903,31.903,31.903,31.903,31.903,31.903,31.903,31.903,31.903,31.903,31.903,31.903,31.903,31.903,31.903,31.903,31.903,31.903,31.903,31.903,31.903,31.903,31.903],"driverID":1014,"weekID":2,"timeID":348,"dateID":30,"time":1616.720999,"lngs":[35.855,35.855,35.855,35.855,35.855,35.855,35.855,35.855,35.855,35.855,35.855,35.855,35.855,35.855,35.855,35.855,35.855,35.855,35.855,35.855,35.855,35.855,35.855,35.855,35.855,35.855,35.855,35.855,35.855,35.855,35.855,35.855,35.855,35.855,35.855,35.856,35.856,35.856,35.857,35.857,35.857,35.857,35.857,35.857,35.857,35.857,35.857,35.857,35.857,35.858,35.858,35.857,35.857,35.856,35.856,35.855,35.855,35.855,35.855,35.855,35.855,35.855,35.855,35.855,35.855,35.855,35.855,35.855,35.855,35.855,35.855,35.855,35.855,35.855,35.855,35.855,35.855,35.855,35.855,35.855,35.855,35.855,35.855,35.855,35.855,35.855,35.855,35.855,35.855,35.855,35.855,35.855,35.855,35.855,35.855,35.855,35.855,35.855,35.855,35.855,35.855,35.855,35.855,35.855,35.855,35.855,35.855,35.855,35.855,35.855,35.855,35.855,35.855,35.855,35.855,35.856,35.856,35.857,35.857,35.858,35.858,35.859,35.859,35.859,35.859,35.859,35.859,35.859,35.859,35.859,35.859,35.859,35.858,35.857,35.857,35.856,35.855,35.855,35.855,35.854,35.854,35.854,35.854,35.854,35.855,35.855,35.856,35.857,35.857,35.858,35.858,35.859,35.859,35.86,35.86,35.86,35.86,35.86,35.86,35.86,35.859,35.859,35.859,35.859,35.859,35.859,35.859,35.859,35.859,35.859,35.863,35.864,35.864,35.865,35.866,35.866,35.867,35.867,35.867,35.868,35.868,35.868,35.868,35.868,35.868,35.868,35.868,35.868,35.868,35.867,35.867,35.867,35.867,35.867,35.867,35.866,35.866,35.866,35.866,35.866,35.866,35.866,35.866,35.866,35.866,35.867,35.867,35.867,35.867,35.867,35.867,35.867,35.867,35.867,35.867,35.866,35.866,35.866,35.866,35.866,35.866,35.866,35.867,35.867,35.867,35.866,35.866,35.866,35.866,35.866,35.866,35.866,35.866,35.866,35.866,35.866,35.866,35.866,35.866,35.866,35.866,35.866,35.866,35.866,35.866,35.866,35.866,35.866,35.866],